id,name,read,pattern,sequence,feature_type
0432anti-CD230,CD230,R2,5P(BC),CAGGTCCCTTATTTC,Antibody Capture
B7-H4,Hu.B7.H4,R2,5P(BC),TGTATGTCTGCCTTG,Antibody Capture
C5L2,Hu.C5L2,R2,5P(BC),ACAATTTGTCTGCGA,Antibody Capture
CCR10,Hu.CCR10,R2,5P(BC),ATCTGTATGTCACAG,Antibody Capture
CD10,Hu.CD10,R2,5P(BC),CAGCCATTCATTAGG,Antibody Capture
CD101,Hu.CD101,R2,5P(BC),CTACTTCCCTGTCAA,Antibody Capture
CD102,Hu.CD102,R2,5P(BC),TGACCTTCCTCTCCT,Antibody Capture
CD103,Hu.CD103,R2,5P(BC),GACCTCATTGTGAAT,Antibody Capture
CD105,Hu.CD105_43A3,R2,5P(BC),ATCGTCGAGAGCTAG,Antibody Capture
CD106,Hu.CD106,R2,5P(BC),TCACAGTTCCTTGGA,Antibody Capture
CD107a,Hu.CD107a,R2,5P(BC),CAGCCCACTGCAATA,Antibody Capture
CD109,Hu.CD109,R2,5P(BC),CACTTAACTCTGGGT,Antibody Capture
CD110,Hu.CD110,R2,5P(BC),TGTTGTAAGATGCCA,Antibody Capture
CD112,Hu.CD112,R2,5P(BC),AACCTTCCGTCTAAG,Antibody Capture
CD115,Hu.CD115,R2,5P(BC),AATCACGGTCCTTGT,Antibody Capture
CD116,Hu.CD116,R2,5P(BC),ATGGACAGTTCGTGT,Antibody Capture
CD117,Hu.CD117,R2,5P(BC),AGACTAATAGCTGAC,Antibody Capture
CD119,Hu.CD119,R2,5P(BC),TGTGTATTCCCTTGT,Antibody Capture
CD11a,Hu.CD11a,R2,5P(BC),TATATCCTTGTGAGC,Antibody Capture
CD11b,Hu.CD11b,R2,5P(BC),GACAAGTGATCTGCA,Antibody Capture
CD11c,Hu.CD11c,R2,5P(BC),TACGCCTATAACTTG,Antibody Capture
CD122,Hu.CD122,R2,5P(BC),TCATTTCCTCCGATT,Antibody Capture
CD123,Hu.CD123,R2,5P(BC),CTTCACTCTGTCAGG,Antibody Capture
CD124,Hu.CD124,R2,5P(BC),CCGTCCTGATAGATG,Antibody Capture
CD126,Hu.CD126,R2,5P(BC),TGATGGGAGCTTATC,Antibody Capture
CD127,Hu.CD127,R2,5P(BC),GTGTGTTGTCCTATG,Antibody Capture
CD13,Hu.CD13,R2,5P(BC),TTTCAACGCCCTTTC,Antibody Capture
CD131,Hu.CD131,R2,5P(BC),CTGCATGAGACCAAA,Antibody Capture
CD133,Hu.CD133_S16016B,R2,5P(BC),GTAAGACGCCTATGC,Antibody Capture
CD134,Hu.CD134,R2,5P(BC),AACCCACCGTTGTTA,Antibody Capture
CD135,Hu.CD135,R2,5P(BC),CAGTAGATGGAGCAT,Antibody Capture
CD137,Hu.CD137,R2,5P(BC),CAGTAAGTTCGGGAC,Antibody Capture
CD137L,Hu.CD137L,R2,5P(BC),ATTCGCCTTACGCAA,Antibody Capture
CD138,Hu.CD138_DL.101,R2,5P(BC),GTATAGACCAAAGCC,Antibody Capture
CD140a,Hu.CD140a,R2,5P(BC),ATGCGCCGAGAATTA,Antibody Capture
CD140b,Hu.CD140b,R2,5P(BC),CAATGGTTCACTGCC,Antibody Capture
CD141,Hu.CD141,R2,5P(BC),GGATAACCGCGCTTT,Antibody Capture
CD142,Hu.CD142,R2,5P(BC),CACTGCCGTCGATTA,Antibody Capture
CD144,Hu.CD144,R2,5P(BC),TCCACTCATTCTGTA,Antibody Capture
CD146,Hu.CD146,R2,5P(BC),CCTTGGATAACATCA,Antibody Capture
CD14,Hu.CD14_M5E2,R2,5P(BC),TCTCAGACCTCCGTA,Antibody Capture
CD150,Hu.CD150,R2,5P(BC),GTCATTGTATGTCTG,Antibody Capture
CD151,Hu.CD151,R2,5P(BC),CTTACCTAGTCATTC,Antibody Capture
CD152,Hu.CD152,R2,5P(BC),ATGGTTCACGTAATC,Antibody Capture
CD154,Hu.CD154,R2,5P(BC),GCTAGATAGATGCAA,Antibody Capture
CD155,Hu.CD155,R2,5P(BC),ATCACATCGTTGCCA,Antibody Capture
CD158,Hu.CD158,R2,5P(BC),TATCAACCAACGCTT,Antibody Capture
CD158b,Hu.CD158b,R2,5P(BC),GACCCGTAGTTTGAT,Antibody Capture
CD158e1,Hu.CD158e1,R2,5P(BC),GGACGCTTTCCTTGA,Antibody Capture
CD158f,Hu.CD158f,R2,5P(BC),AAAGTGATGCCACTG,Antibody Capture
CD15,Hu.CD15_W6D3,R2,5P(BC),TCACCAGTACCTAGT,Antibody Capture
CD16,Hu.CD16,R2,5P(BC),AAGTTCACTCTTTGC,Antibody Capture
CD161,Hu.CD161,R2,5P(BC),GTACGCAGTCCTTCT,Antibody Capture
CD162,Hu.CD162,R2,5P(BC),ATATGTCAGAGCACC,Antibody Capture
CD163,Hu.CD163,R2,5P(BC),GCTTCTCCTTCCTTA,Antibody Capture
CD164,Hu.CD164,R2,5P(BC),GAGGCACTTAACATA,Antibody Capture
CD169,Hu.CD169,R2,5P(BC),TACTCAGCGTGTTTG,Antibody Capture
CD171,Hu.CD171,R2,5P(BC),GATGGACGACAATTC,Antibody Capture
CD172a,Hu.CD172a,R2,5P(BC),CGTGTTTAACTTGAG,Antibody Capture
CD177,Hu.CD177,R2,5P(BC),AGTATGGAGCCATAT,Antibody Capture
CD178,Hu.CD178,R2,5P(BC),CCGGTCCTCTGTATT,Antibody Capture
CD179a,Hu.CD179a,R2,5P(BC),TAGATGGGATTCCGG,Antibody Capture
CD18,Hu.CD18,R2,5P(BC),TATTGGGACACTTCT,Antibody Capture
CD183,Hu.CD183,R2,5P(BC),GCGATGGTAGATTAT,Antibody Capture
CD184,Hu.CD184,R2,5P(BC),TCAGGTCCTTTCAAC,Antibody Capture
CD185,Hu.CD185,R2,5P(BC),AATTCAACCGTCGCC,Antibody Capture
CD186,Hu.CD186,R2,5P(BC),GACAGTCGATGCAAC,Antibody Capture
CD19,Hu.CD19,R2,5P(BC),CTGGGCAATTACTCG,Antibody Capture
CD192,Hu.CD192,R2,5P(BC),GAGTTCCCTTACCTG,Antibody Capture
CD193,Hu.CD193,R2,5P(BC),ACCAATCCTTTCGTC,Antibody Capture
CD194,Hu.CD194,R2,5P(BC),AGCTTACCTGCACGA,Antibody Capture
CD195,Hu.CD195,R2,5P(BC),CCAAAGTAAGAGCCA,Antibody Capture
CD196,Hu.CD196,R2,5P(BC),GATCCCTTTGTCACT,Antibody Capture
CD197,Hu.CD197,R2,5P(BC),AGTTCAGTCAACCGA,Antibody Capture
CD198,Hu.CD198,R2,5P(BC),AGCCCGGATGTATTT,Antibody Capture
CD199,Hu.CD199,R2,5P(BC),ATTCCTCATTCCTGA,Antibody Capture
CD1a,Hu.CD1a,R2,5P(BC),GATCGTGTTGTGTTA,Antibody Capture
CD1c,Hu.CD1c,R2,5P(BC),GAGCTACTTCACTCG,Antibody Capture
CD1d,Hu.CD1d,R2,5P(BC),TCGAGTCGCTTATCA,Antibody Capture
CD2,Hu.CD2,R2,5P(BC),TACGATTTGTCAGGG,Antibody Capture
CD200,Hu.CD200,R2,5P(BC),CACGTAGACCTTTGC,Antibody Capture
CD201,Hu.CD201,R2,5P(BC),GTTTCCTTGACCAAG,Antibody Capture
CD202b,Hu.CD202b,R2,5P(BC),CGATCCCTTACCTAT,Antibody Capture
CD203c,Hu.CD203c,R2,5P(BC),TAACCGTACCTGCAT,Antibody Capture
CD204,Hu.CD204,R2,5P(BC),TAGCGAGCCAGATGT,Antibody Capture
CD205,Hu.CD205,R2,5P(BC),CTATCGTTTGATGCA,Antibody Capture
CD206,Hu.CD206,R2,5P(BC),TCAGAACGTCTAACT,Antibody Capture
CD207,Hu.CD207,R2,5P(BC),CATTCTTCACGGGAT,Antibody Capture
CD209,Hu.CD209,R2,5P(BC),TCACTGGACACTTAA,Antibody Capture
CD20,Hu.CD20_2H7,R2,5P(BC),TTCTGGGTCCCTAGA,Antibody Capture
CD21,Hu.CD21,R2,5P(BC),AACCTAGTAGTTCGG,Antibody Capture
CD218a,Hu.CD218a,R2,5P(BC),TTGTTGTATCCGATC,Antibody Capture
CD22,Hu.CD22,R2,5P(BC),GGGTTGTTGTCTTTG,Antibody Capture
CD223,Hu.CD223,R2,5P(BC),CATTTGTCTGCCGGT,Antibody Capture
CD226,Hu.CD226_TX25,R2,5P(BC),AGACCAACTCATTCA,Antibody Capture
CD23,Hu.CD23,R2,5P(BC),TCTGTATAACCGTCT,Antibody Capture
CD235a,Hu.CD235a,R2,5P(BC),AGAGTATGTATGGGA,Antibody Capture
CD235ab,Hu.CD235ab,R2,5P(BC),GCTCCTTTACACGTA,Antibody Capture
CD24,Hu.CD24,R2,5P(BC),AGATTCCTTCGTGTT,Antibody Capture
CD243,Hu.CD243,R2,5P(BC),TGACCCGACCTTTAG,Antibody Capture
CD244,Hu.CD244,R2,5P(BC),TCGCTTGGATGGTAG,Antibody Capture
CD25,Hu.CD25,R2,5P(BC),TTTGTCCTGTACGCC,Antibody Capture
CD252,Hu.CD252,R2,5P(BC),TTTAGTGATCCGACT,Antibody Capture
CD253,Hu.CD253,R2,5P(BC),GCCATTCCTGCCTAA,Antibody Capture
CD254,Hu.CD254,R2,5P(BC),TCCGTGTTAGTTTGT,Antibody Capture
CD257,Hu.CD257,R2,5P(BC),CAGAGCACCCATTAA,Antibody Capture
CD26,Hu.CD26,R2,5P(BC),GGTGGCTAGATAATG,Antibody Capture
CD267,Hu.CD267,R2,5P(BC),AGTGATGGAGCGAAC,Antibody Capture
CD268,Hu.CD268,R2,5P(BC),CGAAGTCGATCCGTA,Antibody Capture
CD269,Hu.CD269,R2,5P(BC),CAGATGATCCACCAT,Antibody Capture
CD27,Hu.CD27,R2,5P(BC),GCACTCCTGCATGTA,Antibody Capture
CD270,Hu.CD270,R2,5P(BC),TGATAGAAACAGACC,Antibody Capture
CD271,Hu.CD271,R2,5P(BC),AACCGCGCTTCAGAT,Antibody Capture
CD272,Hu.CD272,R2,5P(BC),GTTATTGGACTAAGG,Antibody Capture
CD273,Hu.CD273,R2,5P(BC),TCAACGCTTGGCTAG,Antibody Capture
CD274,Hu.CD274,R2,5P(BC),GTTGTCCGACAATAC,Antibody Capture
CD275,Hu.CD275_B7.RP1,R2,5P(BC),GTTAGTGTTAGCTTG,Antibody Capture
CD276,Hu.CD276,R2,5P(BC),GACTGGGAGGGTATT,Antibody Capture
CD279,Hu.CD279,R2,5P(BC),ACAGCGCCGTATTTA,Antibody Capture
CD28,Hu.CD28,R2,5P(BC),TGAGAACGACCCTAA,Antibody Capture
CD284,Hu.CD284,R2,5P(BC),GCTTAGCTGTATCCG,Antibody Capture
CD29,Hu.CD29,R2,5P(BC),GTATTCCCTCAGTCA,Antibody Capture
CD294,Hu.CD294,R2,5P(BC),TGTTTACGAGAGCCC,Antibody Capture
CD30,Hu.CD30,R2,5P(BC),TCAGGGTGTGCTGTA,Antibody Capture
CD301,Hu.CD301,R2,5P(BC),ACCTAGAAATCAGCA,Antibody Capture
CD303,Hu.CD303,R2,5P(BC),GAGATGTCCGAATTT,Antibody Capture
CD304,Hu.CD304,R2,5P(BC),GGACTAAGTTTCGTT,Antibody Capture
CD305,Hu.CD305_LAIR1,R2,5P(BC),ATTTCCATTCCCTGT,Antibody Capture
CD307c-FcRL3,Hu.CD307c,R2,5P(BC),GCCTAGTTTGAACGC,Antibody Capture
CD307d,Hu.CD307d,R2,5P(BC),CGATTTGATCTGCCT,Antibody Capture
CD307e,Hu.CD307e,R2,5P(BC),TCACGCAGTCCTCAA,Antibody Capture
CD309,Hu.CD309,R2,5P(BC),TTCACGCAGTAAGAT,Antibody Capture
CD31,Hu.CD31,R2,5P(BC),ACCTTTATGCCACGG,Antibody Capture
CD314,Hu.CD314,R2,5P(BC),CGTGTTTGTTCCTCA,Antibody Capture
CD317,Hu.CD317,R2,5P(BC),AAGAGCCGTTGTGAA,Antibody Capture
CD319,Hu.CD319,R2,5P(BC),AGTATGCCATGTCTT,Antibody Capture
CD32,Hu.CD32,R2,5P(BC),GCTTCCGAATTACCG,Antibody Capture
CD321,Hu.CD321,R2,5P(BC),GACAGTACCGACACT,Antibody Capture
CD324,Hu.CD324,R2,5P(BC),ATCCTTCTCCCTTTC,Antibody Capture
CD325,Hu.CD325,R2,5P(BC),CCTTCCCTTTCCTCT,Antibody Capture
CD326,Hu.CD326,R2,5P(BC),TTCCGAGCAAGTATC,Antibody Capture
CD328,Hu.CD328,R2,5P(BC),CTTAGCATTTCACTG,Antibody Capture
CD33,Hu.CD33,R2,5P(BC),TAACTCAGGGCCTAT,Antibody Capture
CD335,Hu.CD335,R2,5P(BC),ACAATTTGAACAGCG,Antibody Capture
CD337,Hu.CD337,R2,5P(BC),AAAGTCACTCTGCCG,Antibody Capture
CD338,Hu.CD338,R2,5P(BC),TAAGACTTGGCCGTC,Antibody Capture
CD34,Hu.CD34,R2,5P(BC),GCAGAAATCTCCCTT,Antibody Capture
CD340,Hu.CD340,R2,5P(BC),CTGTAGCCGCCTATT,Antibody Capture
CD35,Hu.CD35,R2,5P(BC),ACTTCCGTCGATCTT,Antibody Capture
CD352,Hu.CD352,R2,5P(BC),AGTTTCCACTCAGGC,Antibody Capture
CD354,Hu.CD354,R2,5P(BC),TAGCCGTTTCCTTTG,Antibody Capture
CD357,Hu.CD357,R2,5P(BC),ACCTTTCGACACTCG,Antibody Capture
CD36,Hu.CD36,R2,5P(BC),TTCTTTGCCTTGCCA,Antibody Capture
CD365,Hu.CD365,R2,5P(BC),CTTCTGGGATTCTGG,Antibody Capture
CD366,Hu.CD366,R2,5P(BC),TGTCCTACCCAACTT,Antibody Capture
CD37,Hu.CD37,R2,5P(BC),ACAGTCACTGGGCAA,Antibody Capture
CD370,Hu.CD370,R2,5P(BC),CTGCATTTCAGTAAG,Antibody Capture
CD38,Hu.CD38_HIT2,R2,5P(BC),TGTACCCGCTTGTGA,Antibody Capture
CD39,Hu.CD39,R2,5P(BC),TTACCTGGTATCCGT,Antibody Capture
CD3,Hu.CD3_UCHT1,R2,5P(BC),CTCATTGTAACTCCT,Antibody Capture
CD40,Hu.CD40,R2,5P(BC),CTCAGATGGAGTATG,Antibody Capture
CD41,Hu.CD41,R2,5P(BC),ACGTTGTGGCCTTGT,Antibody Capture
CD42b,Hu.CD42b,R2,5P(BC),TCCTAGTACCGAAGT,Antibody Capture
CD43,Hu.CD43,R2,5P(BC),GATTAACCAGCTCAT,Antibody Capture
CD45RA,Hu.CD45RA,R2,5P(BC),TCAATCCTTCCGCTT,Antibody Capture
CD45RB,Hu.CD45RB,R2,5P(BC),AGATGGGACTCACCA,Antibody Capture
CD45RO,Hu.CD45RO,R2,5P(BC),CTCCGAATCATGTTG,Antibody Capture
CD45,Hu.CD45_2D1,R2,5P(BC),TCCCTTGCGATTTAC,Antibody Capture
CD46,Hu.CD46,R2,5P(BC),ACAGTACGACCTTCT,Antibody Capture
CD47,Hu.CD47,R2,5P(BC),GCATTCTGTCACCTA,Antibody Capture
CD48,Hu.CD48,R2,5P(BC),CTACGACGTAGAAGA,Antibody Capture
CD49a,Hu.CD49a,R2,5P(BC),ACTGATGGACTCAGA,Antibody Capture
CD49b,Hu.CD49b,R2,5P(BC),GCTTTCTTCAGTATG,Antibody Capture
CD49d,Hu.CD49d,R2,5P(BC),CCATTCAACTTCCGG,Antibody Capture
CD4,Hu.CD4_RPA.T4,R2,5P(BC),TGTTCCCGCTCAACT,Antibody Capture
CD5,Hu.CD5,R2,5P(BC),CATTAACGGGATGCC,Antibody Capture
CD52,Hu.CD52,R2,5P(BC),CTTTGTACGAGCAAA,Antibody Capture
CD54,Hu.CD54,R2,5P(BC),CTGATAGACTTGAGT,Antibody Capture
CD55,Hu.CD55,R2,5P(BC),GCTCATTACCCATTA,Antibody Capture
CD56,Hu.CD56,R2,5P(BC),TCCTTTCCTGATAGG,Antibody Capture
CD57Recombinant,Hu.CD57,R2,5P(BC),AACTCCCTATGGAGG,Antibody Capture
CD58,Hu.CD58,R2,5P(BC),GTTCCTATGGACGAC,Antibody Capture
CD59,Hu.CD59,R2,5P(BC),AATTAGCCGTCGAGA,Antibody Capture
CD61,Hu.CD61,R2,5P(BC),AGGTTGGAGTAGACT,Antibody Capture
CD62E,Hu.CD62E,R2,5P(BC),CTCCCTGTGGCTTAA,Antibody Capture
CD62L,Hu.CD62L,R2,5P(BC),GTCCCTGCAACTTGA,Antibody Capture
CD62P,Hu.CD62P,R2,5P(BC),CCTTCCGTATCCCTT,Antibody Capture
CD63,Hu.CD63,R2,5P(BC),GAGATGTCTGCAACT,Antibody Capture
CD64,Hu.CD64,R2,5P(BC),AAGTATGCCCTACGA,Antibody Capture
CD66b,Hu.CD66b,R2,5P(BC),AGCTGTAAGTTTCGG,Antibody Capture
CD69,Hu.CD69,R2,5P(BC),GTCTCTTGGCTTAAA,Antibody Capture
CD7,Hu.CD7,R2,5P(BC),TGGATTCCCGGACTT,Antibody Capture
CD70,Hu.CD70,R2,5P(BC),CGCGAACATAAGAAG,Antibody Capture
CD71,Hu.CD71,R2,5P(BC),CCGTGTTCCTCATTA,Antibody Capture
CD72,Hu.CD72,R2,5P(BC),CAGTCGTGGTAGATA,Antibody Capture
CD73,Hu.CD73,R2,5P(BC),CAGTTCCTCAGTTCG,Antibody Capture
CD74,Hu.CD74,R2,5P(BC),CTGTAGCATTTCCCT,Antibody Capture
CD79b,Hu.CD79b,R2,5P(BC),ATTCTTCAACCGAAG,Antibody Capture
CD8,Hu.CD8,R2,5P(BC),GCGCAACTTGATGAT,Antibody Capture
CD80,Hu.CD80,R2,5P(BC),ACGAATCAATCTGTG,Antibody Capture
CD81,Hu.CD81,R2,5P(BC),GTATCCTTCCTTGGC,Antibody Capture
CD82,Hu.CD82,R2,5P(BC),TCCCACTTCCGCTTT,Antibody Capture
CD83,Hu.CD83,R2,5P(BC),CCACTCATTTCCGGT,Antibody Capture
CD84,Hu.CD84,R2,5P(BC),CTCCCTAGTTCCTTT,Antibody Capture
CD85g,Hu.CD85g,R2,5P(BC),TGTCAGTTCCTATGA,Antibody Capture
CD85j,Hu.CD85j,R2,5P(BC),CCTTGTGAGGCTATG,Antibody Capture
CD86,Hu.CD86,R2,5P(BC),GTCTTTGTCAGTGCA,Antibody Capture
CD9,Hu.CD9,R2,5P(BC),GAGTCACCAATCTGC,Antibody Capture
CD90,Hu.CD90,R2,5P(BC),GCATTGTACGATTCA,Antibody Capture
CD93,Hu.CD93,R2,5P(BC),GCGCTACTTCCTTGA,Antibody Capture
CD94,Hu.CD94,R2,5P(BC),CTTTCCGGTCCTACA,Antibody Capture
CD95,Hu.CD95,R2,5P(BC),CCAGCTCATTAGAGC,Antibody Capture
CD96,Hu.CD96,R2,5P(BC),TGGCCTATAAATGGT,Antibody Capture
CD98,Hu.CD98,R2,5P(BC),GCACCAACAGCCATT,Antibody Capture
CD99,Hu.CD99,R2,5P(BC),ACCCGTCCCTAAGAA,Antibody Capture
CLEC12A,Hu.CLEC12A,R2,5P(BC),CATTAGAGTCTGCCA,Antibody Capture
CLEC1B,Hu.CLEC1B,R2,5P(BC),TGCCAGTATCACGTA,Antibody Capture
CX3CR1,Hu.CX3CR1,R2,5P(BC),AGTATCGTCTCTGGG,Antibody Capture
Cadherin11,Hu.Cadherin.11,R2,5P(BC),CGTTGCCATTAACCA,Antibody Capture
EGFR,Hu.EGFR,R2,5P(BC),GCTTAACATTGGCAC,Antibody Capture
FolateReceptorb,Hu.FR.b,R2,5P(BC),TGTGGCTAGTCAGTT,Antibody Capture
FceRIa,Hu.FceRIa,R2,5P(BC),CTCGTTTCCGTATCG,Antibody Capture
GARP,Hu.GARP,R2,5P(BC),AGGTATGGTAGAGTA,Antibody Capture
GP130,Hu.GP130,R2,5P(BC),CACGAGAATTTCAGT,Antibody Capture
GPR56,Hu.GPR56,R2,5P(BC),GCCTAGTTTCCGTTT,Antibody Capture
Galectin-9,Hu.Galectin.9,R2,5P(BC),ACTCACTGGAGTCTC,Antibody Capture
HLA-A2,Hu.HLA.A2,R2,5P(BC),GAACATTTCCGACAA,Antibody Capture
HLA-A-B-C,Hu.HLA.ABC,R2,5P(BC),TATGCGAGGCTTATC,Antibody Capture
HLA-DR,Hu.HLA.DR,R2,5P(BC),AATAGCGAGCAAGTA,Antibody Capture
HLA-DR-DP-DQ,Hu.HLA.DR.DP.DQ,R2,5P(BC),AGCTACGAGCAGTAG,Antibody Capture
HLA-E,Hu.HLA.E,R2,5P(BC),GAGTCGAGAAATCAT,Antibody Capture
Iglightchain_,Hu.Ig.LightChain.k,R2,5P(BC),AGCTCAGCCAGTATG,Antibody Capture
Iglightchaind,Hu.Ig.LightChain.l,R2,5P(BC),CAGCCAGTAAGTCAC,Antibody Capture
IgD,Hu.IgD,R2,5P(BC),CAGTCTCCGTAGAGT,Antibody Capture
IgE,Hu.IgE,R2,5P(BC),GGATGTACCGCGTAT,Antibody Capture
IgM,Hu.IgM,R2,5P(BC),TAGCGAGCCCGTATA,Antibody Capture
KLRG1,Hu.KLRG1,R2,5P(BC),CTTATTTCCTGCCCT,Antibody Capture
LOX-1,Hu.LOX.1,R2,5P(BC),ACCCTTTACCGAATA,Antibody Capture
LymphotoxinbReceptor,Hu.LT.bR,R2,5P(BC),CCTCTATTCAGAGCA,Antibody Capture
MERTK,Hu.MERTK,R2,5P(BC),TCCTGCATGTACCCA,Antibody Capture
MICA-MICB,Hu.MICA.MICB,R2,5P(BC),CCCGCAGTATAACGA,Antibody Capture
NKp80,Hu.NKp80,R2,5P(BC),TATAGTTCCTCTGTG,Antibody Capture
Notch1,Hu.Notch.1,R2,5P(BC),AATCTGTAGTGCGTT,Antibody Capture
Notch3,Hu.Notch.3,R2,5P(BC),CTATTGGACGTATCT,Antibody Capture
Podoplanin,Hu.Podoplanin,R2,5P(BC),GGTTACTCGTTGTGT,Antibody Capture
TCRa-b,Hu.TCR.AB,R2,5P(BC),CGTAACGTAGAGCGA,Antibody Capture
TCRg-d,Hu.TCR.GD,R2,5P(BC),CTTCCGATTCATTCA,Antibody Capture
TCRVa7.2,Hu.TCR.Va7.2,R2,5P(BC),TACGAGCAGTATTCA,Antibody Capture
TCRVb13.1,Hu.TCR.Vb13.1,R2,5P(BC),TTATGGACGTATGGT,Antibody Capture
TCRVd2,Hu.TCR.Vd2,R2,5P(BC),TCAGTCAGATGGTAT,Antibody Capture
TCRVg9,Hu.TCR.Vg9,R2,5P(BC),AAGTGATGGTATCTG,Antibody Capture
TIGIT,Hu.TIGIT,R2,5P(BC),TTGCTTACCGCCAGA,Antibody Capture
TIM-4,Hu.TIM.4,R2,5P(BC),CGTCATATAGTATGG,Antibody Capture
TNF-a,Hu.TNF.a,R2,5P(BC),CCTATGAACGTAACG,Antibody Capture
TSLPR,Hu.TSLPR,R2,5P(BC),CAGTCCTCTCTGTCA,Antibody Capture
TSPAN33,Hu.TSPAN33,R2,5P(BC),GAGTTCGTTGTTCCA,Antibody Capture
VEGFR-3,Hu.VEGFR.3,R2,5P(BC),TGATCCGAAGTCGTG,Antibody Capture
XCR1,Hu.XCR1,R2,5P(BC),AAGACGCATGTCAAC,Antibody Capture
mastcelltryptase,Hu.mast_cell_tryptase,R2,5P(BC),ACTGATAGACCCGCT,Antibody Capture
0073anti-mouse-humanCD44,HuMs.CD44,R2,5P(BC),TGGCTTCAGGTCCTA,Antibody Capture
0103anti-mouse-humanCD45R-B220,HuMs.CD45R_B220,R2,5P(BC),CCTACACCTCATAAT,Antibody Capture
mouseCD49f,HuMs.CD49f,R2,5P(BC),TTCCGAGGATGATCT,Antibody Capture
0895anti-mouse-humanMac-2,HuMs.Mac.2,R2,5P(BC),GATGCAATTAGCCGG,Antibody Capture
mouseintegrin_7,HuMs.integrin.b7,R2,5P(BC),TCCTTGGATGTACCG,Antibody Capture
ratCD278,HuMsRt.CD278,R2,5P(BC),CGCGCACCCATTAAA,Antibody Capture
0237RatIgG1-dIsotypeCtrl,Isotype_G0114F7,R2,5P(BC),GGGAGCGATTCAACT,Antibody Capture
0241ArmenianHamsterIgGIsotypeCtrl,Isotype_HTK888,R2,5P(BC),CCTGTCATTAAGACT,Antibody Capture
0091MouseIgG2a-kisotypeCtrl,Isotype_MOPC.173,R2,5P(BC),CTCCTACCTAAACTG,Antibody Capture
0090MouseIgG1-kisotypeCtrl,Isotype_MOPC.21,R2,5P(BC),GCCGGACGACATTAA,Antibody Capture
0092MouseIgG2b-kisotypeCtrl,Isotype_MPC.11,R2,5P(BC),ATATGTATCACGCGA,Antibody Capture
0236RatIgG1-kisotypeCtrl,Isotype_RTK2071,R2,5P(BC),ATCAGATGCCCTCAT,Antibody Capture
0238RatIgG2a-kIsotypeCtrl,Isotype_RTK2758,R2,5P(BC),AAGTCAGGTTCGTTT,Antibody Capture
0240RatIgG2c-kIsotypeCtrl,Isotype_RTK4174,R2,5P(BC),TCCAGGCTAGTCATT,Antibody Capture
0095RatIgG2b-kIsotypeCtrl,Isotype_RTK4530,R2,5P(BC),GATTCTTGACGACCT,Antibody Capture
IgGFc,Hu.IgG.Fc,R2,5P(BC),CTGGAGCGATTAGAA,Antibody Capture